model,source,domain,accuracy,precision,recall,f1,train_source,test_source
distilbert-base-uncased,OVERALL,OVERALL,0.6104651162790697,0.5728900255754475,0.8682170542635659,0.6902927580893683,UGC,NGC
distilbert-base-uncased,NGC,OVERALL,0.6104651162790697,0.5728900255754475,0.8682170542635659,0.6902927580893683,UGC,NGC
distilbert-base-uncased,NGC,Health,0.622093023255814,0.5808823529411765,0.9080459770114943,0.7085201793721974,UGC,NGC
distilbert-base-uncased,NGC,Politics,0.5872093023255814,0.56,0.813953488372093,0.6635071090047393,UGC,NGC
distilbert-base-uncased,NGC,War,0.622093023255814,0.5769230769230769,0.8823529411764706,0.6976744186046512,UGC,NGC
distilbert-base-cased,OVERALL,OVERALL,0.6531007751937985,0.6088154269972452,0.8565891472868217,0.711755233494364,UGC,NGC
distilbert-base-cased,NGC,OVERALL,0.6531007751937985,0.6088154269972452,0.8565891472868217,0.711755233494364,UGC,NGC
distilbert-base-cased,NGC,Health,0.6104651162790697,0.5847457627118644,0.7931034482758621,0.6731707317073171,UGC,NGC
distilbert-base-cased,NGC,Politics,0.6918604651162791,0.6386554621848739,0.8837209302325582,0.7414634146341463,UGC,NGC
distilbert-base-cased,NGC,War,0.6569767441860465,0.6031746031746031,0.8941176470588236,0.7203791469194313,UGC,NGC
roberta-base,OVERALL,OVERALL,0.6317829457364341,0.5813397129186603,0.9418604651162791,0.7189349112426036,UGC,NGC
roberta-base,NGC,OVERALL,0.6317829457364341,0.5813397129186603,0.9418604651162791,0.7189349112426036,UGC,NGC
roberta-base,NGC,Health,0.6395348837209303,0.5899280575539568,0.9425287356321839,0.7256637168141593,UGC,NGC
roberta-base,NGC,Politics,0.5930232558139535,0.5555555555555556,0.9302325581395349,0.6956521739130435,UGC,NGC
roberta-base,NGC,War,0.6627906976744186,0.6,0.9529411764705882,0.7363636363636363,UGC,NGC
bert-base-uncased,OVERALL,OVERALL,0.560077519379845,0.5384615384615384,0.8410852713178295,0.6565809379727685,UGC,NGC
bert-base-uncased,NGC,OVERALL,0.560077519379845,0.5384615384615384,0.8410852713178295,0.6565809379727685,UGC,NGC
bert-base-uncased,NGC,Health,0.6162790697674418,0.5714285714285714,0.9655172413793104,0.717948717948718,UGC,NGC
bert-base-uncased,NGC,Politics,0.5406976744186046,0.5251798561151079,0.8488372093023255,0.6488888888888888,UGC,NGC
bert-base-uncased,NGC,War,0.5232558139534884,0.5128205128205128,0.7058823529411765,0.594059405940594,UGC,NGC
bert-base-cased,OVERALL,OVERALL,0.6453488372093024,0.5989445910290238,0.8798449612403101,0.7127158555729984,UGC,NGC
bert-base-cased,NGC,OVERALL,0.6453488372093024,0.5989445910290238,0.8798449612403101,0.7127158555729984,UGC,NGC
bert-base-cased,NGC,Health,0.6337209302325582,0.59375,0.8735632183908046,0.7069767441860465,UGC,NGC
bert-base-cased,NGC,Politics,0.622093023255814,0.5801526717557252,0.8837209302325582,0.7004608294930875,UGC,NGC
bert-base-cased,NGC,War,0.6802325581395349,0.625,0.8823529411764706,0.7317073170731707,UGC,NGC
albert-base-v2,OVERALL,OVERALL,0.5833333333333334,0.5544303797468354,0.8488372093023255,0.6707503828483921,UGC,NGC
albert-base-v2,NGC,OVERALL,0.5833333333333334,0.5544303797468354,0.8488372093023255,0.6707503828483921,UGC,NGC
albert-base-v2,NGC,Health,0.5988372093023255,0.5633802816901409,0.9195402298850575,0.6986899563318777,UGC,NGC
albert-base-v2,NGC,Politics,0.5406976744186046,0.5289256198347108,0.7441860465116279,0.6183574879227053,UGC,NGC
albert-base-v2,NGC,War,0.6104651162790697,0.5681818181818182,0.8823529411764706,0.6912442396313364,UGC,NGC
google/electra-base-discriminator,OVERALL,OVERALL,0.5813953488372093,0.5466666666666666,0.9534883720930233,0.6949152542372882,UGC,NGC
google/electra-base-discriminator,NGC,OVERALL,0.5813953488372093,0.5466666666666666,0.9534883720930233,0.6949152542372882,UGC,NGC
google/electra-base-discriminator,NGC,Health,0.6162790697674418,0.5695364238410596,0.9885057471264368,0.7226890756302521,UGC,NGC
google/electra-base-discriminator,NGC,Politics,0.5348837209302325,0.52,0.9069767441860465,0.6610169491525424,UGC,NGC
google/electra-base-discriminator,NGC,War,0.5930232558139535,0.5503355704697986,0.9647058823529412,0.7008547008547008,UGC,NGC
distilbert-base-uncased,OVERALL,OVERALL,0.6550387596899225,0.6844444444444444,0.5900383141762452,0.6337448559670782,NGC,UGC
distilbert-base-uncased,UGC,OVERALL,0.6550387596899225,0.6844444444444444,0.5900383141762452,0.6337448559670782,NGC,UGC
distilbert-base-uncased,UGC,Health,0.6453488372093024,0.6710526315789473,0.5862068965517241,0.6257668711656442,NGC,UGC
distilbert-base-uncased,UGC,Politics,0.7325581395348837,0.8088235294117647,0.625,0.7051282051282052,NGC,UGC
distilbert-base-uncased,UGC,War,0.5872093023255814,0.5925925925925926,0.5581395348837209,0.5748502994011976,NGC,UGC
distilbert-base-cased,OVERALL,OVERALL,0.6453488372093024,0.6266233766233766,0.7394636015325671,0.6783831282952548,NGC,UGC
distilbert-base-cased,UGC,OVERALL,0.6453488372093024,0.6266233766233766,0.7394636015325671,0.6783831282952548,NGC,UGC
distilbert-base-cased,UGC,Health,0.6453488372093024,0.6274509803921569,0.735632183908046,0.6772486772486772,NGC,UGC
distilbert-base-cased,UGC,Politics,0.7151162790697675,0.7142857142857143,0.7386363636363636,0.7262569832402235,NGC,UGC
distilbert-base-cased,UGC,War,0.5755813953488372,0.5565217391304348,0.7441860465116279,0.6368159203980099,NGC,UGC
roberta-base,OVERALL,OVERALL,0.6918604651162791,0.7833333333333333,0.5402298850574713,0.6394557823129252,NGC,UGC
roberta-base,UGC,OVERALL,0.6918604651162791,0.7833333333333333,0.5402298850574713,0.6394557823129252,NGC,UGC
roberta-base,UGC,Health,0.7093023255813954,0.7402597402597403,0.6551724137931034,0.6951219512195121,NGC,UGC
roberta-base,UGC,Politics,0.7209302325581395,0.9166666666666666,0.5,0.6470588235294118,NGC,UGC
roberta-base,UGC,War,0.6453488372093024,0.7272727272727273,0.46511627906976744,0.5673758865248227,NGC,UGC
bert-base-uncased,OVERALL,OVERALL,0.6298449612403101,0.6114649681528662,0.735632183908046,0.6678260869565218,NGC,UGC
bert-base-uncased,UGC,OVERALL,0.6298449612403101,0.6114649681528662,0.735632183908046,0.6678260869565218,NGC,UGC
bert-base-uncased,UGC,Health,0.622093023255814,0.61,0.7011494252873564,0.6524064171122995,NGC,UGC
bert-base-uncased,UGC,Politics,0.7151162790697675,0.7010309278350515,0.7727272727272727,0.7351351351351352,NGC,UGC
bert-base-uncased,UGC,War,0.5523255813953488,0.5384615384615384,0.7325581395348837,0.6206896551724138,NGC,UGC
bert-base-cased,OVERALL,OVERALL,0.6705426356589147,0.6704119850187266,0.685823754789272,0.678030303030303,NGC,UGC
bert-base-cased,UGC,OVERALL,0.6705426356589147,0.6704119850187266,0.685823754789272,0.678030303030303,NGC,UGC
bert-base-cased,UGC,Health,0.6162790697674418,0.6329113924050633,0.5747126436781609,0.6024096385542169,NGC,UGC
bert-base-cased,UGC,Politics,0.7732558139534884,0.810126582278481,0.7272727272727273,0.7664670658682635,NGC,UGC
bert-base-cased,UGC,War,0.622093023255814,0.5963302752293578,0.7558139534883721,0.6666666666666666,NGC,UGC
albert-base-v2,OVERALL,OVERALL,0.6124031007751938,0.645933014354067,0.5172413793103449,0.574468085106383,NGC,UGC
albert-base-v2,UGC,OVERALL,0.6124031007751938,0.645933014354067,0.5172413793103449,0.574468085106383,NGC,UGC
albert-base-v2,UGC,Health,0.6162790697674418,0.64,0.5517241379310345,0.5925925925925926,NGC,UGC
albert-base-v2,UGC,Politics,0.6511627906976745,0.7592592592592593,0.4659090909090909,0.5774647887323944,NGC,UGC
albert-base-v2,UGC,War,0.5697674418604651,0.575,0.5348837209302325,0.5542168674698795,NGC,UGC
google/electra-base-discriminator,OVERALL,OVERALL,0.6996124031007752,0.7264957264957265,0.6513409961685823,0.6868686868686869,NGC,UGC
google/electra-base-discriminator,UGC,OVERALL,0.6996124031007752,0.7264957264957265,0.6513409961685823,0.6868686868686869,NGC,UGC
google/electra-base-discriminator,UGC,Health,0.6918604651162791,0.7023809523809523,0.6781609195402298,0.6900584795321637,NGC,UGC
google/electra-base-discriminator,UGC,Politics,0.7558139534883721,0.8108108108108109,0.6818181818181818,0.7407407407407407,NGC,UGC
google/electra-base-discriminator,UGC,War,0.6511627906976745,0.6710526315789473,0.5930232558139535,0.6296296296296297,NGC,UGC
