id,claim,domain,structure,label,Topic
20000,People of Color Face Heightened Risks as COVID-19 Surges Again,1,NGC,1,Covid
20001,"Nearly 20% of People Have Used Bleach on Food Due to COVID-19, report finds.",1,NGC,1,Covid
20002,"Hot Weather May Make It Harder for the Coronavirus to Survive on Surfaces, study shows.",1,NGC,1,Covid
20003,"Wearing a Mask Can Help Us Get Out of Lockdown Safely, studies confirm",1,NGC,1,Covid
20004,"High Blood Pressure Meds Don't Increase COVID-19 Risks, Study Finds",1,NGC,1,Covid
20005,Levels of SARS-CoV-2 RNA in Sewage Rose With COVID-19 Cases in Dutch Cities,1,NGC,1,Covid
20006,"For some cases of long Covid, a new study suggests serotonin reduction is triggered by remnants of the coronavirus lingering in the gut. Depleted serotonin could especially explain memory problems and some neurological and cognitive symptoms, experts say.",1,NGC,1,Covid
20007,"Antiviral Drug Can Speed Up Recovery of COVID-19 Patients, Study Shows",1,NGC,1,Covid
20008,"Coronavirus SARS-CoV-2 Infects Cells of the Intestine, study finds.",1,NGC,1,Covid
20009,Studies indicate COPD and Smoking Associated With Higher COVID-19 Mortality,1,NGC,1,Covid
20010,New findings suggest Black people four times as likely to test positive for COVID-19,1,NGC,1,Covid
20011,"Latinx people more vulnerable to COVID-19, US study finds",1,NGC,1,Covid
20012,Donald Trump Says He's Taking Hydroxychloroquine to Prevent Coronavirus in Press Conference,1,NGC,1,Covid
20013,Risk of Death from COVID-19 Four Times Greater for Those with Diabetes,1,NGC,1,Covid
20014,Research illustrates a clear correlation between vitamin D deficiencies and (higher) COVID-19 mortality rates.,1,NGC,1,Covid
20015,Data shows number of COVID-19 deaths recorded so far in 2021 has surpassed the total for 2020.,1,NGC,1,Covid
20016,"Loss of smell may suggest milder COVID-19, study finds",1,NGC,1,Covid
20017,BREAKING: Supermarkets are recalling coronavirus-infected toilet paper.,1,NGC,0,Covid
20018,Claim that Dr. Anthony Fauci's statement that the coronavirus death rate is 10 times that of the seasonal flu is a claim without any scientific basis.,1,NGC,0,Covid
20019,Fox News wins Pulitzer for coronavirus coverage.,1,NGC,0,Covid
20020,CDC says Coronavirus can survive on surfaces for up to 17 days.,1,NGC,0,Covid
20021,FDA: Coronavirus found in crab legs.,1,NGC,0,Covid
20022,Governors across the U.S. are announcing that the current school year will be repeated due to coronavirus school closings.,1,NGC,0,Covid
20023,New data shows that 21 million Chinese died from the coronavirus.,1,NGC,0,Covid
20024,BREAKING: CDC admits to lying about COVID-19 death stats.,1,NGC,0,Covid
20025,Pentagon CONFIRMS coronavirus accidentally got into chemtrail supply train.,1,NGC,0,Covid
20026,News report accidentally reveals doctors giving ‘banned’ COVID treatment to the Queen.”,1,NGC,0,Covid
20027,Michigan Governor Gretchen Whitmer bans buying US flags during lockdown.,1,NGC,0,Covid
20028,Goodwill Industries International fires all employees due to coronavirus pandemic.,1,NGC,0,Covid
20029,"A large, country-randomized controlled trial with 2.7 billion people shows that COVID-19 patients treated with hydroxychloroquine have a 79.1% lower death rate",1,NGC,0,Covid
20030,Nasal swabs used to obtain samples for COVID-19 tests reach the blood-brain barrier and may damage it.,1,NGC,0,Covid
20031,"Hydroxychloroquine is why Uganda, with a population of 43M, has only 15 COVID-19 deaths.",1,NGC,0,Covid
20032,The Governor of Maine has ordered restaurant staff to wear dog cone-style face visors as a precautionary measure against COVID-19.,1,NGC,0,Covid
20033,The U.S. CDC quietly updated their numbers in August to show that only 6% of all coronavirus deaths were completely due to the coronavirus alone,1,NGC,0,Covid
20034,Florida Surgeon General sends out letter supproting parents sending unvaccinated children to school during the outbreak and does not recommend vaccination.,1,NGC,1,Vaccines
20035,More than a third of the dog owners surveyed believe canine vaccination can cause autism in pets.,1,NGC,1,Vaccines
20036,Nine African countries to receive Malaria vaccine for the first time.  A total of 12 countries will receive 18 million doses of the malaria vaccine over the next two years. This is after the groundbreaking vaccine was recommended by the WHO in 2021,1,NGC,1,Vaccines
20037,Florida vaccination rates fall DRASTICALLY,1,NGC,1,Vaccines
20038,Studies Find Detection of Messenger RNA COVID-19 Vaccines in Human Breast Milk ,1,NGC,1,Vaccines
20039,WHO warns of declining global vaccination rates: Coverage dropped from 86% to 81% in past year. Urges renewed focus on equity.,1,NGC,1,Vaccines
20040,"FACT CHECK: Before 1963 measles vaccine, disease killed hundreds of US children yearly. Vaccine nearly eliminated domestic measles. Recent outbreaks tied to declining vaccination rates",1,NGC,1,Vaccines
20041,STUDY: Risk of heart inflammation HIGHER from COVID infection than from vaccine. Myocarditis rates after vaccination now far below 2021 peaks.,1,NGC,1,Vaccines
20042,Myocarditis risk after COVID infection exceeds post-vaccine risk.,1,NGC,1,Vaccines
20043,7 large observational studies found no increased risk of miscarriage or stillbirth with COVID vaccination during pregnancy. ,1,NGC,1,Vaccines
20044,"COVID mRNA vaccines do NOT cause cancer or make cancer return. No scientific evidence suggests ANY vaccine causes cancer. In fact, some vaccines (like HPV & Hepatitis B) help prevent cancer.",1,NGC,1,Vaccines
20045,Consistent evidence supports that COVID-19 vaccination received before SARS-CoV-2 infection reduces the risk of experiencing long COVID,1,NGC,1,Vaccines
20046,GAME CHANGER: Multiple studies prove COVID vaccination BEFORE infection significantly reduces Long COVID risk.,1,NGC,1,Vaccines
20047,MEASLES ALERT: Florida health officials confirm 10 measles cases reported last month. Measles is highly contagious and preventable through vaccination. ,1,NGC,1,Vaccines
20048,WHO: Global vaccination coverage dropped from 86% to 81% over past year,1,NGC,1,Vaccines
20049,UK Health Security Agency data: COVID-19 vaccine effectiveness against hospitalization remains above 75% for adults 65+ who received updated booster.,1,NGC,1,Vaccines
20050,"Virginia is among the slowest states in vaccine rollout, Cox says",1,NGC,1,Vaccines
20051,HPV vaccination rates remain low despite vaccine's proven effectiveness in preventing multiple cancers.,1,NGC,1,Vaccines
20052,Mass vaccination for COVID-19 in Senegal was started yesterday (4/8) and the first 7 CHILDREN who received it DIED on the spot.,1,NGC,0,Vaccines
20053,"SHOCKING: In the wake of Austria’s drastic lockdown of unvaccinated people, EU chief calls for throwing out Nuremberg Code.",1,NGC,0,Vaccines
20054,The U.K. is no longer recommending the Pfizer-BioNTech COVID-19 mRNA vaccine for pregnant women.,1,NGC,0,Vaccines
20055,"Second Pfizer Jab Taken Three Weeks After First Increases Myocarditis, Pericarditis Risk Tenfold https://link.theepochtimes.com/mkt_app/second-pfizer-jab-taken-three-weeks-after-first-increases-myocarditis-pericarditis-risk-tenfold_4553134.html",1,NGC,0,Vaccines
20056,STUDY: Pfizer's COVID-19 Vaccine DOES Lower Men's Sperm Count. ,1,NGC,0,Vaccines
20057,First volunteer in UK coronavirus vaccine trial has died - Oxford,1,NGC,0,Vaccines
20058,"MUST READ: Bill Gates Admits His COVID-19 Vaccine Might KILL Nearly 1,000,000 People ",1,NGC,0,Vaccines
20059,"Pfizer, Moderna Shots More Likely to Cause Serious Injury Than Reduce Risk of COVID-Related Hospitalization  https://childrenshealthdefense.org/defender/pfizer-moderna-covid-vaccine-injury/",1,NGC,0,Vaccines
20060,Bill Gates’ coronavirus vaccine developed by Oxford researchers caused all test subjects to get coronavirus.,1,NGC,0,Vaccines
20061,"People who have received flu vaccines in the past three to five years will “probably test positive” for COVID-19, sstudy finds.",1,NGC,0,Vaccines
20062,Dr. Anthony Fauci says: “as soon as a COVID-19 vaccine is manufactured it must be delivered to healthcare professionals for immediate human injection. Proper studies can be done later.”,1,NGC,0,Vaccines
20063,"The survival rate of COVID-19 is close to 100% without a vaccine, so what exactly will the purpose of the new vaccine be?",1,NGC,0,Vaccines
20064,NEW STUDY: mRNA vaccine reduces sperm rate for up to five months,1,NGC,0,Vaccines
20065,"29% of Vaccinated Teens Experience Heart Problems, study finds.",1,NGC,0,Vaccines
20066,"Natural Immunity to Covid Never Wanes, but Fully Jabbed Are Developing AIDS ",1,NGC,0,Vaccines
20067,The second COVID booster has eight strains of HIV.,1,NGC,0,Vaccines
20068,"Pfizer, Moderna Shots More Likely to Cause Serious Injury Than Reduce Risk of COVID-Related Hospitalization ",1,NGC,0,Vaccines
20069,"U.S. opioid overdose deaths have quadrupled in the last two decades, and the highest rates are in eight Eastern states, a new study shows. Those states are Connecticut, Illinois, Indiana, Massachusetts, Maryland, Maine, New Hampshire and Ohio. The current wave is associated",1,NGC,1,Drug Crisis
20070,NEW REPORT INDICATES: More drug overdose deaths this year in San Francisco than COVID deaths.,1,NGC,1,Drug Crisis
20071,A federal judge in Ohio has sentenced an Illinois doctor to four life terms following his conviction in drug overdose deaths of 4 patients,1,NGC,1,Drug Crisis
20072,"New report comes after last months CDC report that over 100,000 drug overdose deaths in the US occurred during the first year of the pandemic. Of those deaths a majority (64%) involved synthetic opioids like illicitly manufactured fentanyl.",1,NGC,1,Drug Crisis
20073,"According to the CDC, Indianas drug overdose deaths rose 33% from 2019 to 2020.",1,NGC,1,Drug Crisis
20074,"The Vietnam War claimed 58,200 American lives in 19 years and six months. In 2016, 64,070 Americans died of an overdose from opioids or heroin -report by Police Executive Research",1,NGC,1,Drug Crisis
20075,"NEW REPORT: In 2023, Illinois experienced 18.9 drug overdose deaths per 100,000 people. In the counties that constitute IL-18, the rate last year was 21.1 per 100,000 people.",1,NGC,1,Drug Crisis
20076,"NPR Exclusive: U.S. overdose deaths plummet in 2024, saving thousands of lives",1,NGC,1,Drug Crisis
20077,Shocking new report finds nitazenes more deadly than fentanyl,1,NGC,1,Drug Crisis
20078,British Columbia to recriminalize use of drugs in public spaces,1,NGC,1,Drug Crisis
20079,"US drug overdose deaths saw an unprecedented drop in 2024, but federal cuts could threaten momentum ",1,NGC,1,Drug Crisis
20080,"As drug use rises, so does syphilis: Report. ",1,NGC,1,Drug Crisis
20081,Tšilhqot'in Nation at UN calls for help from government to help battle toxic drug crisis ,1,NGC,1,Drug Crisis
20082,"Death toll from drugs has more than doubled worldwide over past three decades, study finds.",1,NGC,1,Drug Crisis
20083,"Trump administration blames Canada, specifically Vancouver, for role in U.S drug crisis",1,NGC,1,Drug Crisis
20084,"Quitting smoking associated with recovery from other addictions, study finds.",1,NGC,1,Drug Crisis
20085,"US drug overdose deaths fell by nearly 27% in 2024, reaching lowest levels since 2019: CDC",1,NGC,1,Drug Crisis
20086,Naloxone is a highly affective antitode to Canada's toxic drug crisis. Here's how it works.,1,NGC,1,Drug Crisis
20087,"SHOCKING REPORT: Teen Fentanyl Deaths Surge 350%, Linked to Open Borders",1,NGC,0,Drug Crisis
20088,Drug Overdoses Spike in Colorado After Legalization of Fentanyl,1,NGC,0,Drug Crisis
20089,Small Amount of Fentanyl on Skin Lethal: Report.,1,NGC,0,Drug Crisis
20090,New report: Fentanyl leading cause of death among teens and young adults.,1,NGC,0,Drug Crisis
20091,"Millions of Teens die in 2024 from Fentanyl, new US data shows.",1,NGC,0,Drug Crisis
20092,NEW REPORT: Law enforcement personnel deaths from accidental fentanyl overdose surge in 2024. ,1,NGC,0,Drug Crisis
20093,WOW! New study indicates that Turmeric may reverse brain damage from opiod overdose,1,NGC,0,Drug Crisis
20094,DEA: Even small amount of fentanyl on skin can cause death,1,NGC,0,Drug Crisis
20095,SHOCKING NEW REPORT: Sherrif dies from inhaling fentanyl at overdose scene,1,NGC,0,Drug Crisis
20096,"US drug overdose deaths rise in 2024, according to new report",1,NGC,0,Drug Crisis
20097,New Colorado policy legalizing fentanyl causes major spikes in overdose deaths,1,NGC,0,Drug Crisis
20098,New York politicians now encouraging fentanyl use,1,NGC,0,Drug Crisis
20099,New study finds link between open borders and fentanyl drug deaths,1,NGC,0,Drug Crisis
20100,DISGUSTING: New York add campaign tells fentanyl addicts to be empowered.,1,NGC,0,Drug Crisis
20101,"REPORT: In 2023, more than 105,000  teens died in U.S from fentanyl. ",1,NGC,0,Drug Crisis
20102,"IN ULTRA-LIBERAL OREGON, OVERDOSE RATES SKYROCKET 700% AFTER THE STATE #LEGALIZES POSSESSION OF HARD DRUGS! https://www.theblaze.com/news/-2657458107?utm_source=theblaze-dailyAMandutm_medium=emailandutm_campaign=Daily-Newsletter__AM%202022-06-05andutm_term=ACTIVE%20LIST%20-%20TheBlaze%20Daily%20AM",1,NGC,0,Drug Crisis
20103,"CBP REPORT: Over 20,000kg of Fentanyl Seized Along Mexican Border in 2023",1,NGC,0,Drug Crisis
20104,"American Cancer Society reports cancer mortality has continued to decline, resulting in over 4 million fewer deaths in the United States since 1991 due to reduced smoking, earlier detection, and improved treatments.",1,NGC,1,Medicine/Public Health
20105,"MILESTONE: US projected to top 2 million new cancer diagnoses in 2024 for first time. While deaths decline, incidence rising for 6 of top 10 cancers including breast, prostate, and pancreatic cancer.",1,NGC,1,Medicine/Public Health
20106,"ALARMING: Colorectal cancer now #1 cause of cancer death in men under 50, up from 4th in late 1990s.",1,NGC,1,Medicine/Public Health
20107,US Geological Survey: PFAS levels exceeded EPA advisories in approximately 75% of urban tap water samples and 25% of rural samples tested from 716 locations between 2016-2021.,1,NGC,1,Medicine/Public Health
20108,Experts warn: Declining sperm counts may approach tipping point where most men become sub-fertile.,1,NGC,1,Medicine/Public Health
20109,CDC: Per- and polyfluoroalkyl substances (PFAS) found in blood of 97% of Americans. ,1,NGC,1,Medicine/Public Health
20110,"Cancer deaths in the U.S. are falling — with four million deaths prevented since 1991 — according to the American Cancer Society’s annual report, which highlighted declines in smoking, early detection and greatly improved treatments.",1,NGC,1,Medicine/Public Health
20111,"Thirty-three years after the Food and Drug Administration banned the use of Red Dye No. 3 in red lipstick and other cosmetics by linking it to cancer, California has become the first state to ban the chemical in food.",1,NGC,1,Medicine/Public Health
20112,"HOW COOL IS THIS?! Scientists have discovered a new way to destroy cancer cells. By stimulating aminocyanine molecules with near-infrared light, cancer cells vibrate in sync, enough to break apart their membranes! These “molecular jackhammers” DESTROYED 99% of cancer cells!",1,NGC,1,Medicine/Public Health
20113,"REPORT: ""50 per cent of men between the ages of 50 and 60 are likely to have an enlarged prostate, the Prostate Cancer Foundation of Australia (PCFA) estimates. 

Over the age of 70, the proportion reaches 80 per cent.""",1,NGC,1,Medicine/Public Health
20114,"Recent studies have linked UPFs such as ice-cream, fizzy drinks and ready meals to poor health, including an increased risk of cancer, weight gain and heart disease. Global consumption of the products is soaring and UPFs now make up more than half the average diet in the UK and US.

#Health",1,NGC,1,Medicine/Public Health
20115,New: EPA Approved a Fuel Ingredient Even Though It Could Cause Cancer in Virtually Every Person Exposed Over a Lifetime. An EPA document shows that a new Chevron fuel ingredient has a lifetime cancer risk more than 1 million times higher than what the agency usually finds acceptable.,1,NGC,1,Medicine/Public Health
20116,"The number of cases of cervical cancer reported in Scotland among women given the HPV vaccine at 12-13 years of age is now zero. A remarkable achievement. 

www.bbc.com/news/article...",1,NGC,1,Medicine/Public Health
20117,"In the 50s and 60s, the Army sprayed a potential carcinogen into the air of a Black St. Louis housing project. The government contends it was harmless.

Residents now are leading the charge seeking compensation and health studies. They say the secretive testing contributed to illnesses and deaths",1,NGC,1,Medicine/Public Health
20118,"“A woman is six times more likely to be separated or divorced soon after a diagnosis of cancer or multiple sclerosis than if a man in the relationship is the patient, according to a study that examined the role gender played in so-called ""partner abandonment."" 

www.sciencedaily.com/releases/200...",1,NGC,1,Medicine/Public Health
20119,"""Florida governor and presidential hopeful Ron DeSantis signed a bill Thursday that would allow for roads across Florida to be made with ‘radioactive’ mining waste that has been linked to cancer.""",1,NGC,1,Medicine/Public Health
20120,"MILESTONE: Cervical Cancer Rates Among Scottish Women Given HPV vaccine at 12-13 years of age, ZERO.",1,NGC,1,Medicine/Public Health
20121,HEALTH EXCLUSIVE: Clinic Funded By Biden Administration Distributes Crack Pipes To Addicts Outside A ‚ÄòSchool‚Äô,1,NGC,0,Medicine/Public Health
20122,Biden Admin Issues New Masks With Holes In Them So You Can Smoke Your Free Government Crack Pipe,1,NGC,0,Medicine/Public Health
20123,Psaki Says Everyone Will Have To Show Proof Of Vaccination Before Receiving Free Crack Pipe,1,NGC,0,Medicine/Public Health
20124,"Pfizer Releases Brand New, Never-Before-Seen Drug 'Pfivermectin'",1,NGC,0,Medicine/Public Health
20125,America's Obesity Crisis Solved as EBT Benefits Run Out,1,NGC,0,Medicine/Public Health
20126,WHO Warns Trump Funding Cuts May Delay Release of New Pandemic,1,NGC,0,Medicine/Public Health
20127,CDC Silently Adds  Ivermectin As Essenitial Drug For Viruses,1,NGC,0,Medicine/Public Health
20128,HEALTH EXCLUSIVE: Hydrochloroquine New Cure for Skin Cancer,1,NGC,0,Medicine/Public Health
20129,New Study Links Cancer To Daily Microwave Usage,1,NGC,0,Medicine/Public Health
20130,Miracle: Pfizer Announces They Just So Happened To Finish Monkeypox Vaccine,1,NGC,0,Medicine/Public Health
20131,Apricot Seeds Kill Cancer Cells without Side Effects,1,NGC,0,Medicine/Public Health
20132,Olive oil antioxidant naturally kills all cancer cells tested within an hour,1,NGC,0,Medicine/Public Health
20133,Baryta Carb slwos progression of childlike regression in Alzheimer's patients.,1,NGC,0,Medicine/Public Health
20134,"Glyphosate found to accelerate growth of human breast cancer cells, even at ridiculously low concentrations",1,NGC,0,Medicine/Public Health
20135,BREAKING: American Cancer Society admits conventional cancer treatment causes more cancer,1,NGC,0,Medicine/Public Health
20136,"RFK Jr. outs DARPA, says they are spraying the skies with chemicals that are in jet fuel.",1,NGC,0,Medicine/Public Health
20137,Face masks laced with cancer-causing toxic chemical formaldehyde,1,NGC,0,Medicine/Public Health
20138,"Last November, the NYT printed a very long story raising fears that puberty blockers could have lifelong impacts on bone health. A year and 20 gender-affirming care bans later, research finds these concerns were largely unfounded.",1,NGC,1,Sexual/Gender Health
20139,"Scoop: Republicans are quietly delaying more than $1 billion in planned funding for a life-saving HIV program — demanding changes to terms like abortion, sexual reproductive health, even ""human rights"" in the program’s documents.",1,NGC,1,Sexual/Gender Health
20140,"NEW: The Biden administration moved to strengthen HIPAA so healthcare workers can't report patients to the cops for suspected abortions. Now, 19 Republican attorneys general are pushing back—saying the change tramples on states' rights established in Dobbs",1,NGC,1,Sexual/Gender Health
20141,"Florida Republicans have introduced a new bill to effectively ban all abortions in the state, with an exception only for circumstances no doctor who is not also a lawyer could comply with. It explicitly bans all abortions for children who are rape victims www.flsenate.gov/Session/Bill...",1,NGC,1,Sexual/Gender Health
20142,STUDY: 11.2% of late-term abortions in Quebec from 1989 to 2021 resulted in live births,1,NGC,1,Sexual/Gender Health
20143,"Syphilis Is Killing Babies. The US is Failing to Stop the Disease From Spreading. The only drug to treat syphilis during pregnancy is in short supply. Untreated, syphilis can pass to newborns, killing them or leaving them w/ disabilities. As cases rise, the US isn’t doing much to prevent shortages.",1,NGC,1,Sexual/Gender Health
20144,The Texas Supreme Court reverses a lower court’s ruling that would’ve allowed a woman to obtain a legal abortion under a medical emergency exception. ,1,NGC,1,Sexual/Gender Health
20145,"At least one in six abortions in the U.S., around 14,000 a month, were administered through telemedicine, with clinicians prescribing mail-order abortion pills after online consultations, the first nationwide count of telehealth abortions found. nyti.ms/3UXTSvb",1,NGC,1,Sexual/Gender Health
20146,"NEW STUDY: 55% of respondents say it should be possible for a pregnant woman to obtain a legal abortion if she wants it for any reason. 86% of respondents support abortion access in the event of rape or incest. 
89% support it when a woman’s health is seriously endangered by the pregnancy.",1,NGC,1,Sexual/Gender Health
20147,"Women are increasingly turning to IUDs as a form of contraception. It’s widely known that its insertion can be excruciatingly painful, but doctors have rarely discussed effective pain management options for it, experts said.",1,NGC,1,Sexual/Gender Health
20148,"Wellspring Health Access, the only abortion clinic left in Wyoming, has been protested and set on fire, rebuilt and opened as the state grapples with what it means to be conservative in a post-Roe nation.",1,NGC,1,Sexual/Gender Health
20149,"“In at least 70 public cases across 12 states, women with pregnancy complications faced severe health risks and were denied abortion care or had treatment delayed due to abortion bans. Some nearly died or lost their fertility as a result. The doctors say the true number is much higher.”",1,NGC,1,Sexual/Gender Health
20150,BREAKING: A doctor at the Mayo Clinic is misdiagnosing pregnancies of Trump supporters so they have abortions. ,1,NGC,1,Sexual/Gender Health
20151,BREAKING: PP Pauses Emergency Funding for Abortion Acecess,1,NGC,1,Sexual/Gender Health
20152,"FDA: Brain Swelling, Permanent Vision Loss in Children Taking Puberty Blockers ",1,NGC,1,Sexual/Gender Health
20153,"About 21.5 million women and girls of reproductive age live in states that ban abortions completely, or after six weeks of pregnancy, Census data shows.",1,NGC,1,Sexual/Gender Health
20154,"The HIPAA regulations are incredibly permissive when it comes to government requests.  For example, the Tennessee Attorney General got transgender patient medical records from Vanderbilt this summer, claiming it was investigating billing practices.
www.tennessean.com/story/news/h...",1,NGC,1,Sexual/Gender Health
20155,SHOCKING: Marlboro Adds Puberty Blockers To Cigarettes To Make Them Legal For Kids,1,NGC,0,Sexual/Gender Health
20156,DISGUSTING: Children's Hospital of Pittsburgh is now putting out promotional videos on puberty blockers for kids.,1,NGC,0,Sexual/Gender Health
20157,Mentally Ill Trans Activist Zinna Jones Says All Children Need Puberty Blockers Until They're Old Enough To Consent To Puberty ,1,NGC,0,Sexual/Gender Health
20158,Study: 34% of children put on transgender puberty blockers end up becoming mental cases,1,NGC,0,Sexual/Gender Health
20159,New Washington state law allows “government to take away minors from parents if they refuse to agree to gender-transition surgery.”,1,NGC,0,Sexual/Gender Health
20160,Mattel releases American Girl Doll book urging young girls to take puberty blockers without parental consent,1,NGC,0,Sexual/Gender Health
20161,Abortion activists launch airbone 'abortion drone' to air-drop abortion pills to citizens ,1,NGC,0,Sexual/Gender Health
20162,Study: 1 in 10 women experience a serious health even when using mifepristone to end a pregnancy,1,NGC,0,Sexual/Gender Health
20163,Report: Two-pill abortion regimen of mifepristone 22X more dangerous than what the FDA claims,1,NGC,0,Sexual/Gender Health
20164,PILL HOARDERS: Maryland officials buy $1.2M worth of abortion pills prior to impending nationwide ban,1,NGC,0,Sexual/Gender Health
20165,"Supposedly “safe” abortion pill 'mifepristone' hospitalizes five Ohio women, causes serious complications in many more",1,NGC,0,Sexual/Gender Health
20166,"POLITICIZED: Studies find abortion pill mifepristone dangerous, but medical journal retracts data ahead of Supreme Court hearing",1,NGC,0,Sexual/Gender Health
20167,"Mobile phones cook men's sperm, causing drastic sperm reductions in nearly half of those tested",1,NGC,0,Sexual/Gender Health
20168,"Planned Parenthood selling “viable nonanomalous” fetuses to University of California, San Diego for experimentation",1,NGC,0,Sexual/Gender Health
20169,"ANTIDEPRESSANTS harm the baby in the womb, despite the LIES purported by shilling psychiatrists and chronic sick care media",1,NGC,0,Sexual/Gender Health
20170,St. Louis Children's Hospital promotes Lupron as a puberty blocker for kids. Lupron is linked to thousands of deaths and has been used to chemically castrate sex offenders. They also don't notify patients through their site that puberty blockers are not FDA approved to treat trans kids. ,1,NGC,0,Sexual/Gender Health
20171,FDA: Prenatal exposure to SSRI increases preterm birth risk,1,NGC,0,Sexual/Gender Health
20172,"BREAKING: The Supreme Court restores Donald Trump on Colorado's primary ballot, saying the state can't disqualify him over his actions on Jan. 6, 2021.",2,NGC,1,Jan 6th
20173,EXCLUSIVE: Trump has a new plan to save himself in a Jan 6 prosecution ... blame the whole thing on his insurrectionist lawyers https://www.rollingstone.com/politics/politics-features/donald-trump-jan6-jack-smith-rudy-giuliani-john-eastman-1234798826/,2,NGC,1,Jan 6th
20174,"Trump watched Jan. 6 U.S. Capitol riot unfold on TV, ignored pleas to call for peace",2,NGC,1,Jan 6th
20175,"Deal to end US shutdown would also allow some Republican senators to seek $500,000 for January 6 probe",2,NGC,1,Jan 6th
20176,Trump threatens BBC with $1bn lawsuit over edited January 6 speech,2,NGC,1,Jan 6th
20177,Trump says he has an 'obligation' to sue the BBC over edited Jan. 6 speech,2,NGC,1,Jan 6th
20178,Donald Trump falsely says 'Biden FBI' placed agents in Jan. 6 crowds,2,NGC,1,Jan 6th
20179,"Trump calls LA protesters insurrectionists, pardoned January 6th insurrectionists",2,NGC,1,Jan 6th
20180,DOJ fires dozens of prosecuters who habdled Jan. 6 cases,2,NGC,1,Jan 6th
20181,US to pay $5m to family of January 6 rioter Ashli Babbitt,2,NGC,1,Jan 6th
20182,"Trump issues 1,500 unconditional pardons over January 6 capitol attack",2,NGC,1,Jan 6th
20183,"Ray Epps, center of Jan. 6 conspiracy theory, is charged wit misdemeanor over Capitol insurrection",2,NGC,1,Jan 6th
20184,"Donald Trump calls Jan. 6 a ""day of love.""",2,NGC,1,Jan 6th
20185,Inspector general finds no FBI agents were invovled in January 6 attack,2,NGC,1,Jan 6th
20186,"January 6th insurrection caused more than $2.5m in damage, per report. ",2,NGC,1,Jan 6th
20187,"I did my duty' Mike Pence gets courage award for certifying election on Jan. 6th, 2021.",2,NGC,1,Jan 6th
20188,US Capitol riot: Mitch McConnell says Trump 'provoked' deadly riots.,2,NGC,1,Jan 6th
20189,Trump once called Jan. 6th a 'heinous attack.' Now he calls it a 'day of love.',2,NGC,1,Jan 6th
20190,"Video shows Nancy Pelosi saying, ""I've given a shoot-to-kill order for any breach of the speaker's lobby,"" on Jan. 6, 2021.",2,NGC,0,Jan 6th
20191,"NEW: Former President Joe Biden Pardons Michael Byrd, Jan. 6th insurrectionist",2,NGC,0,Jan 6th
20192,"Trump: Jan. 6th speech drew 'the same number of people' as the 1963 March wehre Martin Luther King Jr. delivered ""I Have a Dream"" speech. ",2,NGC,0,Jan 6th
20193,"On Jan. 6, 2021, U.S Captiol ""protesters carried no weapons""",2,NGC,0,Jan 6th
20194,BREAKING: January 6 committee disbanded immediately after new footage leaks.,2,NGC,0,Jan 6th
20195,"Scoop: Freedom of Information Act reveals dozens of phone calls between Ray Epps and Nancy Pelosi in the week before Jan. 6th, 2021.",2,NGC,0,Jan 6th
20196,"Former President Donald Trump asked ""for troops around the Capitol"" on Jan. 6, 2021, but was ""turned down by the Democrats.""",2,NGC,0,Jan 6th
20197,"Florida Governor, Ron DeSantis, yet to condem actions on Jan. 6th. ",2,NGC,0,Jan 6th
20198,"NEW: Donald Trump authorized up to 20,000 National Guard troops to protect the Capitol"" before Jan. 6, 2021, but was ""rejected"" by Nancy Pelosi and Chuck Schumer.",2,NGC,0,Jan 6th
20199,"TUCKER CARLSON: Federal agents directly incited people on Jan. 6, 2021, and ""intentionally entrapped"" American citizens.",2,NGC,0,Jan 6th
20200,"U.S. Capitol Police gave protesters OK to enter, per new video. ",2,NGC,0,Jan 6th
20201,NEW: Trump signs Insurrection Act - General Flynn to be appointed vice president. ,2,NGC,0,Jan 6th
20202,"A Jan. 6, 2021, U.S. Capitol rioter pardoned by President Donald Trump was “killed when she used her 2A rights with a shotgun while being served for eviction.",2,NGC,0,Jan 6th
20203,Reps. Alexandria Ocasio-Cortez and Jamie Raskin “have filed articles of impeachment against President Trump for pardoning the J6 prisoners.,2,NGC,0,Jan 6th
20204,"The FBI “spent more time investigating” the Jan. 6 Capitol attack than 9/11, per new report. ",2,NGC,0,Jan 6th
20205,MUST WATCH: The Simpsons predict Jan. 6 Capitol riots,2,NGC,0,Jan 6th
20206,"Vice President Harris Claims Immigration Flow Cut by over half, as of 2024 report.  ",2,NGC,1,Immigration
20207,NEWS: Minnesota Gov. Tim Walz signs into law driver's licenses for illegal immigrants,2,NGC,1,Immigration
20208,"NEW REPORT: 800% Increase increase in illegal crossings at southern border, per Rep. Elise Stefanik. ",2,NGC,1,Immigration
20209,Trump Administration transfer $10 million from FEMA to ICE.,2,NGC,1,Immigration
20210,Census data suggests one out of every 30 people in the Greater Boston area is an illegal alien. ,2,NGC,1,Immigration
20211,Rep. Paul Gosar asks Capitol Police to arrest illegal immigrants attending State of the Union ,2,NGC,1,Immigration
20212,"TRUMP: In 2017, Illegal Immeigration on the U.S.-Mexico border is ""the lowest in 17 years.""",2,NGC,1,Immigration
20213,Federal data shows Barack Obama deported more people in each of his terms than Trump.,2,NGC,1,Immigration
20214,U.S. Customs and Border Protection reports show twice as many kids in Border Patrol custody under Biden than Trump peak in 2019. ,2,NGC,1,Immigration
20215,Trump's zero tolerance border policy lacks system for reuiniting familiies. ,2,NGC,1,Immigration
20216,"In 2017, Twenty-seven percent of Californians born in a foreign land, data shows. ",2,NGC,1,Immigration
20217,Pew Research Center etimates foreign born U.S. population dropped by 1.4 million people.,2,NGC,1,Immigration
20218,President Biden ends Title 42 border policy after three years of pandemic-era restrictions,2,NGC,1,Immigration
20219,Trump administration implements 'Remain in Mexico' policy requiring asylum seekers to wait across border,2,NGC,1,Immigration
20220,REPORT: CBP reports record 2.76 million border encounters in fiscal year 2022,2,NGC,1,Immigration
20221,DHS announces end to family separation policy at southern border.,2,NGC,1,Immigration
20222,Bernie Sanders Praises Trump’s Job on Securing Border,2,NGC,1,Immigration
20223,BREAKING: Court orders Trump administration to fully restore DACA program,2,NGC,1,Immigration
20224,NEW: Democrats push to accept 1 million Gaza refugees.,2,NGC,0,Immigration
20225,"In Los Angeles, 75% of people on the most wanted list in Los Angeles are illegal aliens.",2,NGC,0,Immigration
20226,"Over 2/3 of all births in Los Angeles County are to Illegal Mexicans on Medi-cal, per report. ",2,NGC,0,Immigration
20227,"BREAKING: Texas just gifted Trump 355,000 acres for deportation camps.”",2,NGC,0,Immigration
20228,BREAKING: ICE arrests LA mayor for haboring fugitives through sanctuary city. ,2,NGC,0,Immigration
20229,MSNBC: President Donald Trump is talking about exterminating Latinos,2,NGC,0,Immigration
20230,CBP REPORT: 18 children died while in custody of Border Patrol during Obama administration,2,NGC,0,Immigration
20231,Mexico's Next President Calls for An Invasion Of The US,2,NGC,0,Immigration
20232,California To Register Illegal Aliens To Vote - Automatically. ,2,NGC,0,Immigration
20233,NATIONAL SECURITY FOR SALE: UNIVISION Chair Gives Hillary $7 Million To Keep Borders Open,2,NGC,0,Immigration
20234,Update: Van full of illegals caught voting at multiple Alabama polling locations. ,2,NGC,0,Immigration
20235,BREAKING: President Trump signs visa-free travel policy for Ghana and Malawi ,2,NGC,0,Immigration
20236,BREAKING: Zillow CEO just said on CNBC Trump's deportation plan will help with housing affordability.”,2,NGC,0,Immigration
20237,"BREAKING: Home Depot signed a $250 million deal with DHS, allowing ICE agents to stake out their parking lots and arrest immigrants.",2,NGC,0,Immigration
20238,BREAKING: Rep. Maxine Waters calls for the United States to grant citizenship to every undocumented protester in Los Angeles 2025 protests.,2,NGC,0,Immigration
20239,"Because of omicron, the Biden administration has decided to leave the U.S. southern border completely open.",2,NGC,0,Immigration
20240,ICE announces pause to undocummented immigrant hotline because 90% of the calls are from people reporting Elon Musk.,2,NGC,0,Immigration
20241,"NEW: ICE has released the tip hotline to turn in illegal immigrants, paying $750 for each illegal immigrant.",2,NGC,0,Immigration
20242,Wisconsin makes it more difficult for its citizens to vote than almost any state in the nation.,2,NGC,1,Elections
20243,"In Georgia, it's illegal to give people water within 150 feet of a polling place and punishable by up to a year in prison.",2,NGC,1,Elections
20244,Georgia House passes bill that makes it a misdemeanor to give food or water to voters waiting in line.,2,NGC,1,Elections
20245,North Carolina is in the small minority of states that requires an absentee ballot to be signed by two witnesses or a notary public.,2,NGC,1,Elections
20246,New York consistently ranks as one of the worst voting turnout states in the nation.,2,NGC,1,Elections
20247,"Since 1981, the state Senate has only rejected five executive appointments. The GOP today is more than doubling that number.",2,NGC,1,Elections
20248,The GOP-controlled Legislature refuses to act on at least 150 appointees of Gov. Tony Evers.,2,NGC,1,Elections
20249,Jurisdictions representing about 80% of WI residents have passed referendums or resolutions in favor of fair maps.,2,NGC,1,Elections
20250,WOW county swing suburban voters (in Wisconsin) don't vote for Donald Trump.,2,NGC,1,Elections
20251,"Texas Democrat calls mail-in ballot fraud the ""great source of voter fraud in this state.""",2,NGC,1,Elections
20252,"In Michigan, one of the three key states that enabled Donald Trump to win in 2016, the winning margin averaged out to just over two votes per precinct.",2,NGC,1,Elections
20253,Sen. Chris Kapenga tells constituent that it’s illegal to hold an absentee-only election or mail ballots to every registered voter.,2,NGC,1,Elections
20254,"Triggering leftists, Trump's reelection campaign is selling plastic straws.",2,NGC,1,Elections
20255,"US minorities surpassed 25 percent of electorate when Obama ran in 2008, and it's going up.",2,NGC,1,Elections
20256,New NC law makes it harder to prosecute people and groups that violate campaign finance laws.,2,NGC,1,Elections
20257,"State of New York consistently ranks low for voter turnout, data shows.",2,NGC,1,Elections
20258,"Mitch McConnell says ""Joe Biden’s win wasn’t unusually close.""",2,NGC,1,Elections
20259,"According to the Census Bureau, “5 million more people voted than were registered to vote” in the 2020 election.",2,NGC,0,Elections
20260,New York City Mayor-elect Zohran Mamdani “is bringing Sharia law to America.,2,NGC,0,Elections
20261,A “ballot dump” around 4 a.m. in Milwaukee shows the Wisconsin Senate election was stolen from the Republican candidate.,2,NGC,0,Elections
20262,BREAKING: New data from Musk’s Starlink technology shows manipulated votes in the 2024 election to benefit Donald Trump.,2,NGC,0,Elections
20263,ABC News fires presidential debate moderators David Muir and Linsey Davis.,2,NGC,0,Elections
20264,Rep. Dean Phillips received almost twice as many votes as Biden did in the New Hampshire primary.,2,NGC,0,Elections
20265,Wisconsin elections administrator Meagan Wolfe “permitted the ‘Zuckerbucks’ influence money.”,2,NGC,0,Elections
20266,"In 2020, “250,000 ballots were manufactured” in Georgia and “Biden was given win” by Secretary of State Brad Raffensperger",2,NGC,0,Elections
20267,Police report shows “massive 2020 voter fraud uncovered in Michigan.”,2,NGC,0,Elections
20268,"A STOLEN ELECTION: State totals minus illegal ballot trafficking numbers give President Trump decisive victories in AZ, GA, MI, PA, and WI.",2,NGC,0,Elections
20269,Ballots in Arizona’s Maricopa County from the 2020 presidential election found shredded and in dumpster days before Senate audit to begin.,2,NGC,0,Elections
20270,MUST WATCH: Newly discovered video shows late night deliveries of tens of thousands of illegal ballots 8 hours after deadline.,2,NGC,0,Elections
20271,"According to the Census Bureau, 5 million more people voted than were registered to vote in the 2020 election.",2,NGC,0,Elections
20272,"NEW: Arizona House bill to decertify 2020 results, could effectively recall the Biden electors.",2,NGC,0,Elections
20273,Democrats Reveal BIG CLUE in the BIG STEAL: Operatives Manufactured Votes from Low Income Voters to Steal the Battleground States — Start the Canvassing!,2,NGC,0,Elections
20274,"White Hats Arrest Unnamed PA Election Official for Election Fraud, Treason",2,NGC,0,Elections
20275,BOMBSHELL: California Has 1.8M More Registered Voters Than it Should,2,NGC,0,Elections
20276,"In comments from 2024, 2017 and 2012, Republican U.S. Senate candidate Eric Hovde said he wants to repeal the Affordable Care Act",2,NGC,1,Political Figures
20277,Joe Biden tells voters he's 'going to beat Joe Biden',2,NGC,1,Political Figures
20278,New York Times editor admits Biden sexual assault story was censored at behest of Biden campaign.,2,NGC,1,Political Figures
20279,U.S. Rep. Matt Gaetz was the lone vote in the House against an anti-human trafficking bill.,2,NGC,1,Political Figures
20280,"Rep. Ilhan Omar ""voted yes"" to ""provide further funding for the 9/11 First Responders Victims Fund"" while Sen. Rand Paul ""voted no.""",2,NGC,1,Political Figures
20281,JD Vance joined Republican letter urging DOJ to enforce Comstock Act to ban mailing abortion pills,2,NGC,1,Political Figures
20282,JD Vance wrote the foreword for Project 2025’s Kevin Roberts’ upcoming book,2,NGC,1,Political Figures
20283,Jon Ossoff does not live in Georgia's 6th Congressional District,2,NGC,1,Political Figures
20284,CLINTON: Donald Trump used undocumented labor to build the Trump Tower.,2,NGC,1,Political Figures
20285,Hunter Biden drops lawsuit against Fox News over ‘mock trial’ miniseries,2,NGC,1,Political Figures
20286,"Hunter Biden pleads guilty to federal tax charges, in surprise move on brink of trial",2,NGC,1,Political Figures
20287,"Sen. Mark Kelly, whose wife Gabby Giffords was shot by a would-be assassin, reflects on Charlie Kirk’s assassination",2,NGC,1,Political Figures
20288,Cruz calls Biden’s promise to nominate first Black woman to Supreme Court ‘offensive’ and ‘insulting’,2,NGC,1,Political Figures
20289,"Alabama governor, caught in affair, agrees to plea deal and resigns",2,NGC,1,Political Figures
20290,Anthony Weiner Sentenced to Nearly Two Years in Prison for Sexting Scandal,2,NGC,1,Political Figures
20291,Trump asked Comey to end investigation of Michael Flynn probe: report,2,NGC,1,Political Figures
20292,Kushner used private email account for White House business - Politico,2,NGC,1,Political Figures
20293,NEWS JUST IN: Barack and Michel Obama 'Locked in Bombshell Divorce of the Century' —And How It Is Set to Cost Power Couple a $70Million Fortune,2,NGC,0,Political Figures
20294,"NEW: Document shows that Hunter Biden Paid Joe Biden $50,000 a month in rent.",2,NGC,0,Political Figures
20295,BREAKING: Hunter Biden DIES of Crack Overdose,2,NGC,0,Political Figures
20296,Hunter Biden's Prison Term Announced - Joe Biden STUNNED,2,NGC,0,Political Figures
20297,"BOMBSHELL: Hunter Biden had 25,000 pics of him torturing and raping children under age 10 in China on his laptop!",2,NGC,0,Political Figures
20298,Military ARRESTS Hunter Biden!,2,NGC,0,Political Figures
20299,Hillary Clinton leaves country as Mueller indictment is announceed,2,NGC,0,Political Figures
20300,Hillary Clinton has third heart attack — docs says she 'won't survive'.,2,NGC,0,Political Figures
20301,"President Joe Biden Rescinds Medal of Freedom given to Trump's campaign manager, Bradley Birkenfeld.",2,NGC,0,Political Figures
20302,FBI seize Diddy tape showing Hillary Clinton killing child at ‘freak off’ party,2,NGC,0,Political Figures
20303,SHOCKING: Justin Trudeau’s plane found filled with cocaine as he lands in India for the G20 summit.,2,NGC,0,Political Figures
20304,"Barack Obama’s REAL birth certificate leaked, shows real father is Communist Party propagandist Frank Marshall Davis.",2,NGC,0,Political Figures
20305,"Barack Obama tweets sick attack on John McCain, says he should have died.",2,NGC,0,Political Figures
20306,Danald Trump dead from a fatal heat attack!,2,NGC,0,Political Figures
20307,RFK Jr. flees the scene after Novo Nordisk Executive Gordon Findlay collapsed in the Oval Office.,2,NGC,0,Political Figures
20308,Minnesota Gov. Tim Walz had his stomach pumped after overingesting horse semen.,2,NGC,0,Political Figures
20309,"Nancy Pelosi's Son Paul Jr. Was Exec at 'Ukraine-Based Gas Company,' Similar to Hunter Biden",2,NGC,0,Political Figures
20310,Donald Trump appoints NBA legend Karl Malone as new director of Child Protective Services,2,NGC,0,Political Figures
20311,"Breaking News: Prime Minister Viktor Orban of Hungary endorsed Sweden’s NATO membership after blocking it for 19 months, saying that the two countries are “ready to fight for each other.”",2,NGC,1,Global Politics
20312,"Breaking News: Prime Minister Élisabeth Borne of France resigned ahead of a widely expected cabinet reshuffle by President Emmanuel Macron. She will continue to handle “current affairs” until a new cabinet is appointed, Macron's office said.",2,NGC,1,Global Politics
20313,"Portugal's prime minister resigned unexpectedly today, after police arrested his chief of staff on corruption allegations that have also involved a minister.",2,NGC,1,Global Politics
20314,"Trump says U.S., China close to trade deal ahead of Xi talks, TikTok decision",2,NGC,1,Global Politics
20315,Nobel Peace Prize awarded to Venezuela’s María Corina Machado,2,NGC,1,Global Politics
20316,Japan Prime Minister Ishiba Shigeru says he will step down after election setback,2,NGC,1,Global Politics
20317,Trump raises India tariffs to 50% over Russian oil purchases,2,NGC,1,Global Politics
20318,"Trump announces 30% tariffs on EU and Mexico, starting Aug. 1",2,NGC,1,Global Politics
20319,Columbia agrees to pay $200 million to restore funding cut by Trump administration,2,NGC,1,Global Politics
20320,Supreme Court allows Trump to withhold $4 billion in foreign aid funding,2,NGC,1,Global Politics
20321,UK recognizes a Palestinian state despite opposition from the U.S. and Israel,2,NGC,1,Global Politics
20322,U.S. warns of response to ‘witch hunt’ after Brazil’s Bolsonaro sentenced to 27 years,2,NGC,1,Global Politics
20323,Turkey says two-state solution is most realistic option for Cyprus,2,NGC,1,Global Politics
20324,EU Conservatives vote with far right to approve cuts to green rules.,2,NGC,1,Global Politics
20325,"China lifts ban on exports of gallium, germanium, and antimony to US",2,NGC,1,Global Politics
20326,Greece is one of NATO’s top defense spenders. Here’s why. ,2,NGC,1,Global Politics
20327,FORMER MEXICAN PREZ Sends “Middle Finger” To TRUMP Days Before “Apology”: “Don’t play around with us…We can jump walls…We can swim rivers…And we can defend ourselves”,2,NGC,0,Global Politics
20328,DANISH CITY OVERRUN WITH MUSLIM MIGRANTS Makes Pork Mandatory On All Municipal Menus,2,NGC,0,Global Politics
20329,SWEDEN IS ON BRINK OF COLLAPSE… Gun Purchases Are Way Up…Pepper Spray Selling Out…Muslims Beating Non-Muslims On Streets,2,NGC,0,Global Politics
20330," Russians Mint ‘In Trump We Trust’ Coin To Commemorate U.S. Inauguration (IMAGE, VIDEO)",2,NGC,0,Global Politics
20331," Trudeau HUMILIATES Trump, Openly Prefers To Speak To Other U.S. Officials Instead",2,NGC,0,Global Politics
20332,Germany Admits Trump Was Right on Borders After Taking in One Million Syrian Refugees,2,NGC,0,Global Politics
20333,"Biden Sent $60,000 to U.K. For Pride Events — Trump Made $5 Billion in Trade Wins",2,NGC,0,Global Politics
20334,TRUMP: US trade deficit with China is $1 trillion,2,NGC,0,Global Politics
20335,Canada makes bold decision to shut down Tesla and the US auto industry.,2,NGC,0,Global Politics
20336,TRUMP: China gets an advantage from the Trans-Pacific Partnership,2,NGC,0,Global Politics
20337,Ukraine President Volodymyr Zelenskyy blocks Truth Social in Ukraine.,2,NGC,0,Global Politics
20338,Ukrainian President Volodymyr Zelenskyy used U.S. aid funds to buy two yachts for $75 million.,2,NGC,0,Global Politics
20339,Gov. Ron DeSantis calls China ‘Florida’s most important trading partner.,2,NGC,0,Global Politics
20340,BREAKING: FBI admits Venezuela emptied its prisons and sent inmates to the U.S.,2,NGC,0,Global Politics
20341,"U.S. police killed more people in just one month than the U.K.’s did in over a century, statistics show. ",2,NGC,0,Global Politics
20342,The United Nations replaces all 193 country flags with LGBT flags.,2,NGC,0,Global Politics
20343,"During the recent global warming summit in Copenhagen, Nancy Pelosi and others stayed at a five-star hotel on a trip costing nearly $10,000 per person.",2,NGC,0,Global Politics
20344,Netanyahu’s 'no starvation in Gaza' statement contradicts extensive evidence of hunger crisis,3,NGC,1,Palestine/Isreal
20345,"Trump cites $60 million in US food aid to Gaza, but $30 million was approved, and none disbursed",3,NGC,1,Palestine/Isreal
20346,US airman dies after setting himself on fire outside Israeli Embassy,3,NGC,1,Palestine/Isreal
20347,"""Palestinians in Gaza are enduring horrifying levels of hunger and suffering” – UN Secretary-General António Guterres",3,NGC,1,Palestine/Isreal
20348,Masked Israeli settlers attack Palestinian villages and IDF soldiers in the West Bank,3,NGC,1,Palestine/Isreal
20349,Israel returns 15 bodies to Gaza after hostage remains are identified,3,NGC,1,Palestine/Isreal
20350,Israel says the remains of a hostage have been turned over in Gaza,3,NGC,1,Palestine/Isreal
20351,American-Israeli's body among 3 returned by Hamas,3,NGC,1,Palestine/Isreal
20352,Hamas returns bodies of 3 deceased hostages to Israel,3,NGC,1,Palestine/Isreal
20353,Israel's military prosecutor admits she leaked video of soldiers assaulting a Palestinian detainee,3,NGC,1,Palestine/Isreal
20354,"
Israel says ceasefire back on after strikes kill more than 100 in Gaza",3,NGC,1,Palestine/Isreal
20355,"Hamas needs more time to recover hostages' remains, U.S. advisers say as only nine of 28 bodies of slain abductees have been recovered. ",3,NGC,1,Palestine/Isreal
20356,Zohran Mamdani says it's 'too early' to give Trump credit for Gaza ceasefire deal,3,NGC,1,Palestine/Isreal
20357,Israeli government approves first part of peace deal to release hostages,3,NGC,1,Palestine/Isreal
20358,U.S. said to be prepping to send 200 troops to Israel for Gaza support,3,NGC,1,Palestine/Isreal
20359,Secretary of State Marco Rubio says ongoing Gaza peace negotiations are 'not yet' the end of the war,3,NGC,1,Palestine/Isreal
20360,Breaking News: President Biden said he believes negotiators are nearing a cease-fire deal that would halt Israel’s military operations in Gaza within a week in exchange for the release of at least some hostages held by Hamas.,3,NGC,1,Palestine/Isreal
20361,Israel strikes Gaza after Trump calls for stop to bombing,3,NGC,1,Palestine/Isreal
20362,Israel intercepts aid flotilla bound for Gaza,3,NGC,1,Palestine/Isreal
20363,Trump administration proposes selling nearly $6 billion in weapons to Israel,3,NGC,1,Palestine/Isreal
20364,Israel detains Greta Thunberg and others after intercepting an aid flotilla bound for Gaza,3,NGC,1,Palestine/Isreal
20365,Hundreds of thousands flee Israeli military's devastating assault on Gaza City,3,NGC,1,Palestine/Isreal
20366,U.S. vetoes U.N. Security Council resolution demanding immediate Gaza ceasefire and hostage release,3,NGC,1,Palestine/Isreal
20367,Trump warns Hamas ‘we will have no choice but to go in and kill them’ if bloodshed persists in Gaza,3,NGC,1,Palestine/Isreal
20368,Israeli finance minister describes plans to turn Gaza into a 'real estate bonanza' as bombs hammer the enclave,3,NGC,1,Palestine/Isreal
20369,IDF launches Gaza City ground offensive; U.N. report finds Israel is committing genocide,3,NGC,1,Palestine/Isreal
20370,Biden hasn’t signed a recent order sending $8B in aid to Israel. A ‘memo’ circulating online was altered,3,NGC,1,Palestine/Isreal
20371,Biden says he will stop sending bombs and artillery shells to Israel if it launches major invasion of Rafah,3,NGC,1,Palestine/Isreal
20372,Breaking news: Megyn Kelly calls for boycott of Taylor Swift after singer attends charity event in Gaza.,3,NGC,0,Palestine/Isreal
20373,NEW: King of Denmark waves Palestinian flag from the balcony in support of Palestine.,3,NGC,0,Palestine/Isreal
20374,WHOOPS: Israel accidentally votes for Palestine at United Nations Security Council meeting.,3,NGC,0,Palestine/Isreal
20375,"FBI Director Christopher Wray warns Congress that with the border wide open and a war in Israel, Hamas can just walk right in.""",3,NGC,0,Palestine/Isreal
20376,Gaza’s education ministry “officially announced the end of the 2023/2024 academic year as all students have been killed.,3,NGC,0,Palestine/Isreal
20377,MSNBC airs Gaza 'crisis actor.,3,NGC,0,Palestine/Isreal
20378,BUSTED: Fox News caught staging a video of Israel arresting a crisis actor.,3,NGC,0,Palestine/Isreal
20379,The Associated Press and CNN admit they knew about Hamas’ Oct. 7 attack beforehand,3,NGC,0,Palestine/Isreal
20380,Taylor Swift pulls ‘Eras’ film screenings in Israel.,3,NGC,0,Palestine/Isreal
20381,Nikki Haley argues in support of bringing Gaza refugees to America.,3,NGC,0,Palestine/Isreal
20382,The Wall Street Journal reports that Oct. 17 Gaza hospital explosion was caused by an American missile.,3,NGC,0,Palestine/Isreal
20383,89% of Palestinians Support Terror Attacks on Israel – Democrats Want to Bring One Million to the US,3,NGC,0,Palestine/Isreal
20384,CNN reporter fakes being near the Israel-Gaza border.,3,NGC,0,Palestine/Isreal
20385,Hamas militants ‘pouring’ across U.S. southern border,3,NGC,0,Palestine/Isreal
20386,The U.S. is sending $8 billion worth of military aid to Israel.,3,NGC,0,Palestine/Isreal
20387,Black Lives Matter says it stands with Hamas terrorists in Israeli conflict.,3,NGC,0,Palestine/Isreal
20388,Benjamin Netanyahu delivers speech to Hamas leaders — thanks them for uniting Israel.,3,NGC,0,Palestine/Isreal
20389,SCOOP: Ben & Jerry’s now selling “Free Palestine” and “From the River to Sea” ice cream flavors.,3,NGC,0,Palestine/Isreal
20390,Israeli Prime Minister Benjamin Netanyahu hospitalized with “serious health issue.,3,NGC,0,Palestine/Isreal
20391,"In response to public boycotts, Israel changes their barcode from 729 to 871.",3,NGC,0,Palestine/Isreal
20392,"First lady calls President Joe Biden ""the world's biggest cheerleader for the atrocities happening now in Gaza""",3,NGC,0,Palestine/Isreal
20393,Protesters in Kerala India accidentally bring Italian flag instead of Palestine flag to pro-Hamas protest.,3,NGC,0,Palestine/Isreal
20394,Israel bombs Palestinian children trying to get water.,3,NGC,0,Palestine/Isreal
20395,Haaretz investigation reveals discrepancies in Israel’s reporting on October 7th death toll.,3,NGC,0,Palestine/Isreal
20396,McDonald’s changes its food wrappers to support Israel amid the war.,3,NGC,0,Palestine/Isreal
20397,North Korean President Kim Jong Un blames President Joe Biden for the Israel-Hamas war,3,NGC,0,Palestine/Isreal
20398,Cries of Victory in Israel — Gaza Now Belongs to Israel! HAMAS Surrenders Desperately!,3,NGC,0,Palestine/Isreal
20399,REAKING: PM NETANYAHU HOSPITALISED. He suffered serious health issue in Kiryah and has been shifted to a hospital in Tel Aviv. Officials blame stress from Hamas attacks.,3,NGC,0,Palestine/Isreal
20400,(Actress) Candice King calls out Rafah massacre and beheaded babies.,3,NGC,0,Palestine/Isreal
20401,Yemeni Armed Forces' spokesman Yahya Saree: Yemen vows to continue its attacks on Israel with missiles and drones until the aggression on Gaza stops.,3,NGC,0,Palestine/Isreal
20402,Trump puts onus on Zelenskyy to end conflict with Russia ahead of meeting,3,NGC,1,Ukraine/Russia
20403,$100M corruption scandal rocks Ukraine and embroils top Zelenskyy ally,3,NGC,1,Ukraine/Russia
20404,"Ukraine to hold elections after war ends, says Zelenskyy",3,NGC,1,Ukraine/Russia
20405,Russian strikes on Kyiv kill at least 4 people and wound 16,3,NGC,1,Ukraine/Russia
20406,U.S. sanctions Russia's two largest oil companies,3,NGC,1,Ukraine/Russia
20407,Trump puts Putin talks on hold as Kremlin launches deadly new attacks on Ukraine,3,NGC,1,Ukraine/Russia
20408,"Zelenskyy urges Trump to get tougher with Putin, says he's ready to meet in Budapest",3,NGC,1,Ukraine/Russia
20409,"Zelenskyy says Putin is ""something similar but stronger than Hamas.""",3,NGC,1,Ukraine/Russia
20410,"Firepower' coming for Ukraine, Hegseth tells NATO",3,NGC,1,Ukraine/Russia
20411,"Power restored to 800,000 in Kyiv after Russian strikes on Ukraine's energy grid",3,NGC,1,Ukraine/Russia
20412,‘Absolutely unacceptable’: Zelenskyy condemns corruption in energy sector targeted by Russia,3,NGC,1,Ukraine/Russia
20413,U.S. to expand intelligence assistance to Ukraine for strikes on Russian energy facilities,3,NGC,1,Ukraine/Russia
20414,Russia launches deadly aerial attack on Ukraine as Poland scrambles jets,3,NGC,1,Ukraine/Russia
20415,Trump says he now thinks Ukraine can win back all of its territory taken by Russia,3,NGC,1,Ukraine/Russia
20416,3 Russian fighter jets violate Estonian airspace in 'brazen' incursion,3,NGC,1,Ukraine/Russia
20417,"Ukrainian children have been taken to more than 200 facilities in Russia, new report finds",3,NGC,1,Ukraine/Russia
20418,Trump says he's ready to put 'major sanctions' on Russia if NATO nations do the same,3,NGC,1,Ukraine/Russia
20419,"Ukrainian drones strike one of Russia's top oil refineries, sparking a fire",3,NGC,1,Ukraine/Russia
20420,Trump says Putin and Zelenskyy are 'not ready' for peace as European powers meet,3,NGC,1,Ukraine/Russia
20421,Ukraine's former parliamentary speaker shot dead,3,NGC,1,Ukraine/Russia
20422,Russian attack on Ukraine's capital kills at least 15 as Trump's peace push stalls,3,NGC,1,Ukraine/Russia
20423,JD Vance says Russia has made 'significant concessions' in Ukraine talks. ,3,NGC,1,Ukraine/Russia
20424,Russia's foreign minister says no Putin-Zelenskyy summit planned despite Trump's peace push,3,NGC,1,Ukraine/Russia
20425,Kim Jong Un praises North Korean soldiers who died for Russia as 'heroes',3,NGC,1,Ukraine/Russia
20426,A Ukrainian startup develops long-range drones and missiles capable of striking Russia,3,NGC,1,Ukraine/Russia
20427,Zelenskyy rejects Trump's proposal that Ukraine could swap territories with Russia,3,NGC,1,Ukraine/Russia
20428,Ukraine suffers most civilian casualties in 3 years as Russia ramps up aerial attacks,3,NGC,1,Ukraine/Russia
20429,U.S. citizen who helped Russia from inside Ukraine granted passport by Putin,3,NGC,1,Ukraine/Russia
20430,Volodymyr Zelenskyy “started” the war in Ukraine with Russia.,3,NGC,0,Ukraine/Russia
20431,The Pentagon admits to accidentally sending $6.2 billion to Ukraine.”,3,NGC,0,Ukraine/Russia
20432,An E! News report said USAID paid millions of dollars to sponsor American celebrity visits to Ukraine.,3,NGC,0,Ukraine/Russia
20433,PLOT TO HELP DEMOCRATS WIN MIDTERMS REVEALED: U.S. tax dollars sent to help Ukraine laundered back by cryptocurrency firm FTX.,3,NGC,0,Ukraine/Russia
20434,Zelenskyy's statement about Ukraine aid reveals $177 billion dollar money laundering operation ,3,NGC,0,Ukraine/Russia
20435,White House Press Secretary Karine Jean-Pierre said the United States and Ukraine won World War II.,3,NGC,0,Ukraine/Russia
20436,Photos of an apartment building in Kyiv are evidence the war in Ukraine is fake.,3,NGC,0,Ukraine/Russia
20437,"In Ukraine, 2,458 NATO soldiers and 234 NATO military trainers have died, some of whom are from the U.S.",3,NGC,0,Ukraine/Russia
20438,Putin destroys adrenochrome lab in Ukraine.,3,NGC,0,Ukraine/Russia
20439,BREAKING: Democrat Congressman Seth Moulton announces the US is fundamentally in a proxy war with Russia,3,NGC,0,Ukraine/Russia
20440,BREAKING: North Korea has taken military action against Russia.,3,NGC,0,Ukraine/Russia
20441,Biden threatens to assassinate Ukraine president.,3,NGC,0,Ukraine/Russia
20442,"PRESIDENT VLADIMIR PUTIN RELEASED 35,000 CHILDREN FROM TUNNELS AND SUBWAY IN UKRAINE",3,NGC,0,Ukraine/Russia
20443,CNN tweets about “brave children” in Ukraine signing up to fight Russia.,3,NGC,0,Ukraine/Russia
20444,"Volodymyr Zelenskyy is a cousin of George Soros, Pentagon official says.",3,NGC,0,Ukraine/Russia
20445,REPORT: Putin beheaded bioweapon engineers in Ukraine.,3,NGC,0,Ukraine/Russia
20446,URGENT: News that Russian President “Vladimir Putin” was assassinated by unknown armed forces.. Russia declares a state of emergency,3,NGC,0,Ukraine/Russia
20447,Putin bombs Biden-owned villa in Ukraine while hammering biolabs & pedophile rings.,3,NGC,0,Ukraine/Russia
20448,Putin Lights “Purifying Fire” to Cleanse Ukraine of Pedophiles,3,NGC,0,Ukraine/Russia
20449,"Putin Executes American, British Mercenaries working for Zelenskyy",3,NGC,0,Ukraine/Russia
20450,Putin: Zelenskyy Sheltering Child Traffickers,3,NGC,0,Ukraine/Russia
20451,Putin: Bombed Hospital Was Really Bioweapon Storage Facility,3,NGC,0,Ukraine/Russia
20452,White Hats Confirm Lloyd Austin Killed in Ukraine,3,NGC,0,Ukraine/Russia
20453,"Biden-Funded Ukrainian Military Tortures, Kills, and EATS Innocent Russian Civilians",3,NGC,0,Ukraine/Russia
20454,Zelenskyy Turns Young Boys into Suicide Bombers,3,NGC,0,Ukraine/Russia
20455,Special Forces-Spetznas Team Crushes Adrenochrome Cartel in Ukraine,3,NGC,0,Ukraine/Russia
20456,Trump Calls Putin to Congratulate Him on Surviving Another Deep State Assassination Attempt,3,NGC,0,Ukraine/Russia
20457,Putin Destroys Adrenochrome Lab in Ukraine,3,NGC,0,Ukraine/Russia
20458,Breaking News: Pentagon said we ACCIDENTALLY SENT $6.2 BILLION DOLLARS to UKRAINE. Accounting error. This is straight-up money laundering.,3,NGC,0,Ukraine/Russia
20459,Obama will start Iran war for vote': Trump's 2011 post resurfaces on internet.,3,NGC,1,Iran
20460,Iran's president says Trump administration is on a path that will 'set fire' to the Middle East,3,NGC,1,Iran
20461,Iran’s supreme leader said Israel’s attack should not be exaggerated or downplayed,3,NGC,1,Iran
20462,Iran's supreme leader threatens U.S. and Israel after official says it is prepared to change its policies on using nuclear weapons if faced with an existential threat.,3,NGC,1,Iran
20463,"U.N. says Iran executed over 900 people in 2024, including dozens of women",3,NGC,1,Iran
20464,Russia and Iran sign a partnership treaty to deepen their ties in the face of Western sanctions,3,NGC,1,Iran
20465,Gunman in Iran's capital fatally shoots 2 judges tied to 1988 mass executions,3,NGC,1,Iran
20466,Former Iranian Deputy FM Mohammad-Javad Larijani Threatens: A Drone Can Hit Trump in the Bellybutton While He Is Sunbathing at Mar-a-Lago; Macron Could Be Hit While Partying at a Discotheque,3,NGC,1,Iran
20467,Trump says the U.S. will hold direct talks with Iran as he insists Tehran can't get nuclear weapons,3,NGC,1,Iran
20468,Iran parades missiles through the streets in a show of force as nuclear talks ramp up,3,NGC,1,Iran
20469,Putin orders Russian emergency planes to Iran after blast at port of Bandar Abbas,3,NGC,1,Iran
20470,"A massive explosion at an Iranian port linked to missile fuel shipment kills 40, injures more than 800",3,NGC,1,Iran
20471,"Iran must 'walk away' from all uranium enrichment, Marco Rubio says",3,NGC,1,Iran
20472,Iran plunged into an internet near-blackout during deepening conflict,3,NGC,1,Iran
20473,U.S. strikes Iranian nuclear sites,3,NGC,1,Iran
20474,"Vance says U.S. 'not at war with Iran, we're at war with Iran's nuclear program'",3,NGC,1,Iran
20475,U.S. bombs three Iranian nuclear sites; Trump warns against retaliation,3,NGC,1,Iran
20476,U.S. claims strikes caused ‘severe damage’ and warns Iran against retaliation,3,NGC,1,Iran
20477,"Trump said Iran's nuclear sites were 'obliterated,' but questions remain about enriched uranium",3,NGC,1,Iran
20478,"Even after U.S. and Israeli strikes, Iran may still be able to build a nuclear weapon with hundreds of pounds of Iran's enriched uranium are still publicly unaccounted for.",3,NGC,1,Iran
20479,U.S. considers banning Iranians from shopping at Costco during U.N. meeting,3,NGC,1,Iran
20480,"U.S. to deport hundreds of Iranians held on immigration charges, Tehran says",3,NGC,1,Iran
20481,U.S. bars Iran's diplomats from shopping at Costco without permission,3,NGC,1,Iran
20482,"Britain, France and Germany say Iran has failed to abide by a 2015 deal over its nuclear program, according to Reuters.",3,NGC,1,Iran
20483,"Pelosi: Until the new Iran deal, China and Russia have never voted with us at the U.N. on any sanctions on Iran in the past.",3,NGC,1,Iran
20484,"ALERT: Democratic Sens. Ed Markey, Al Franken and Jeanne Shaheen ""took Bribes From Iran … They Back Insane NUKE Deal.",3,NGC,1,Iran
20485,"Traitor Senators Took Money from Iran Lobby, Back Iran Nukes.",3,NGC,1,Iran
20486,BREAKING: Russian President Vladimir Putin has declared that Russia will support Iran if the United States attacks Iran’s soil in support of Israel.,3,NGC,1,Iran
20487,Trump says Iran’s key nuclear sites were ‘completely and fully obliterated’ by strikes,3,NGC,1,Iran
20488,"BREAKING: Iranian State TV has said: 'Tonight, a great surprise will occur, one that the world will remember for centuries.",3,NGC,0,Iran
20489,BREAKING: Russia has withdrawn support for the Islamic Republic — Bloomberg.,3,NGC,0,Iran
20490,Congressman: Nuclear deal ensured Iran could hit US with nuclear bomb,3,NGC,0,Iran
20491,General William Barr tweets that the US gave Iran USA taxpayer dollars so Iran could purchase uranium from Russia.,3,NGC,0,Iran
20492,Iranian missiles aimed at U.S. troops were funded by American taxpayers,3,NGC,0,Iran
20493,"Iran forced US, Israel to shift from ‘unconditional surrender’ to ‘unconditional ceasefire’: Araghchi",3,NGC,0,Iran
20494,Trump's confession on Iran war proves Israel is merely a US military outpost in West Asia,3,NGC,0,Iran
20495,"US Intelligence Fabricates New Claims to Justify Escalation Against Iran, Officials Say",3,NGC,0,Iran
20496,UN Leak Confirms Iran Successfully Tested Its First Nuclear Warhead Underground.,3,NGC,0,Iran
20497,New Study: Iran Is the Only Regional Power Preventing Full-Scale NATO Expansion in the Middle East,3,NGC,0,Iran
20498,"Iranian Drones Found in South American Cartel Warehouse, Intelligence Officials Say",3,NGC,0,Iran
20499,Iran Blamed for Power Grid Disturbance After Major Blackout in Eastern Europe,3,NGC,0,Iran
20500,"CIA Source Reveals Iran Controls Secret Army of 200,000 Fighters Across the Middle East.",3,NGC,0,Iran
20501,Evidence Shows Nuclear Strike Destroyed Iran's Hypersonic Missiles Capable of Reaching New York in 12 Minutes.,3,NGC,0,Iran
20502,Protesters hang banner depitcting Iran’s supreme leader from Brooklyn Museum,3,NGC,0,Iran
20503,"Massive fire after Iranian Missile made impact in Tel Aviv, killing hundreds.",3,NGC,0,Iran
20504,Iran Supreme Leader Calling for Muslims to Assassinate President Trump,3,NGC,0,Iran
20505,Iran's Supreme Leader Calls For Violence Against Trump Over Middle East Dispute,3,NGC,0,Iran
20506,"Zohran Mamdani, Favorite for New York Mayor, Has Ties to Pro-Hamas Networks and Allies of Iran, Cuba, and China, Analysts Warn",3,NGC,0,Iran
20507,Iran: Reward to Assassinate President Trump Rises – Jumps to $21 Million,3,NGC,0,Iran
20508,"President Joe Biden “will address the nation from the Oval Office” on April 13, “following Iran’s attack on Israel.”",3,NGC,0,Iran
20509,BREAKING: Russian President Vladimir Putin has declared that Russia will support Iran if the United States attacks Iran’s soil in support of Israel.”,3,NGC,0,Iran
20510,Donald Trump violates the Logan Act by resharing 2018 Iran tweet on Truth Social.,3,NGC,0,Iran
20511,Obama Bribed Iran $400 Million to Release U.S. Prisoners,3,NGC,0,Iran
20512,"Treason? Ilhan Omar Gives Iran Military Advice, Suggests It Could Target Trump Hotels",3,NGC,0,Iran
20513,BREAKING: Iran shoots down two Israeli f-35 fighter jets,3,NGC,0,Iran
20514,Yemeni Armed Forces' spokesman Yahya Saree: Yemen vows to continue its attacks on Israel with missiles and drones until the aggression on Gaza stops.,3,NGC,0,Iran
20515,"The Biden administration granted Iran $10 billion in sanctions relief days after Donald Trump won the 2024 U.S. presidential election, government report sows. ",3,NGC,0,Iran